ID,Name,Code,OEM Brand,OEM Group,POM,To (Country),To (Region),Sales Rep,Product,25Y Sales (￦0.1b),Source Lat,Source Lng,Target Lat,Target Lng,Address
1,Changwon Plant,,,,,,,,,,35.203168,128.669741,35.203168,128.669741,"551, Gongdan-ro, Seongsan-gu, Changwon-si, Gyeongsangnam-do, Republic of Korea"
2,Masan Plant,,,,,,,,,,35.215888,128.592968,35.215888,128.592968,"211, Jayumuyeok 3-gil, Masanhoewon-gu, Changwon-si, Gyeongsangnam-do, Republic of Korea"
3,Daehap Plant,,,,,,,,,,35.592007,128.44714,35.592007,128.44714,"68-26, Daehapsaneopdanji-ro, Daehap-myeon, Changnyeong-gun, Gyeongsangnam-do, Republic of Korea"
4,Yeongsan Plant,,,,,,,,,,35.447662,128.52357,35.447662,128.52357,"307-106, Seorisangchon-gil, Yeongsan-myeon, Changnyeong-gun, Gyeongsangnam-do, Republic of Korea"
5,Zhangjiagang Plant,,,,,,,,,,31.81876607,120.5404758,31.81876607,120.5404758,"No.55 Jintang West Road, Economic Development Zone (South), Zhangjiagang, Jiangsu, 215600, China"
6,Zhangjiagang Plant #2,,,,,,,,,,31.83491523,120.5642067,31.83491523,120.5642067,"No.111 Qigan Road, Economic Development Zone (South), Zhangjiagang, Jiangsu, 215600, China"
7,Monterrey Plant,,,,,,,,,,25.89783181,-100.2355135,25.89783181,-100.2355135,"Av. Del Parque 2115, Monterrey Technology Park, 65580 Parque Industrial Parque Tecnológico Monterrey, N.L., Mexico"
8,MODATEK SYSTEM-DIRECT,287504,,,Changwon Plant,CA,NA,이상영,,0.15384,35.203168,128.669741,43.524016,280.080132,"400 CHISHOLM DRIVE, MILTON,ON"
9,IROQUOIS(DIRECT),200035,,,Masan Plant,US,NA,이상영,,31.1876136,35.215888,128.592968,42.48298,277.021277,"25101 GROESBECK HWY, WARREN MI"
10,GESTAMP BRAZIL(DIRECT),200020,,,Masan Plant,BR,SA,이상영,,0.467458,35.215888,128.592968,-23.034664,314.373361,"Av. Eurico Ambrogi Santos, - 1.8, Taubate, Sao Paulo"
11,GM BRAZIL CCA,200057,,,Masan Plant,BR,SA,이상영,,0.546042,35.215888,128.592968,-23.433664,312.562411,"Av. Gen. Motors, 100, Sorocaba - SP, 18087-165, Brazil"
12,F&P AMERICA,200013,,,Changwon Plant,US,NA,이상영,,0.068094,35.203168,128.669741,40.066942,275.751983,"2101 CORPORATE DR, TROY, OH"
13,IROQUOIS(DIRECT),200035,,,Changwon Plant,US,NA,이상영,,30.3297458,35.203168,128.669741,42.48298,277.021277,"25101 GROESBECK HWY, WARREN MI"
14,Dynamic A Division of F&P Mfg.,287417,,,Changwon Plant,CA,NA,이상영,,0.7566,35.203168,128.669741,43.353221,278.989496,"STRATFORD. ONTARIO N5A 7Y1, 275 WRIGHT BLVD.,"
15,Dynamic A Division of F&P Mfg.,287417,,,Masan Plant,CA,NA,이상영,,0.8988408,35.215888,128.592968,43.353221,278.989496,"STRATFORD. ONTARIO N5A 7Y1, 275 WRIGHT BLVD.,"
16,POS-AUSTEM (CHINA),200036,,,Changwon Plant,CN,AS,이상영,,0.411,35.203168,128.669741,31.386546,120.974759,"NO.1368 , FengXing Road, HuaQiao, KunShan City, JiangSu"
17,GM BRAZIL CCA,200057,,,Changwon Plant,BR,SA,이상영,,0.6063,35.203168,128.669741,-23.433664,312.562411,"Av. Gen. Motors, 100, Sorocaba - SP, 18087-165, Brazil"
18,GM BRAZIL 4M,200094,,,Changwon Plant,BR,SA,이상영,,1.1754,35.203168,128.669741,-23.438915,313.743493,"Av. General Motors, 1999 - Taboão, Mogi das Cruzes - SP, 08772-710, Brazil"
19,UZ-AUTO AUSTEM,200644,,,Changwon Plant,UZ,NA,이상영,,14.6568,35.203168,128.669741,40.787308,72.34371,"170127. Uzbekistan, Andijan str. Boburshokh, 73, Uzbekistan, Andijan"
20,GM SPO Davison,203939,,,Changwon Plant,US,NA,이상영,,0.066202,35.203168,128.669741,43.029,276.367138,"Road Burton, MI 48509, 4134 Davison"
21,GM SPO Davison,203939,,,Masan Plant,US,NA,이상영,,5.47131074,35.215888,128.592968,43.029,276.367138,"Road Burton, MI 48509, 4134 Davison"
22,Aludyne-SPO,287430,,,Masan Plant,US,NA,이상영,,0,35.215888,128.592968,42.607156,276.070409,"GRAND RIVER HOWELL MI 48843 USA, Aludyne North America, Inc- HWL 228"
23,MODATEK through warehouse,200038,,,Masan Plant,CA,NA,우성령/조소영,,1.220858,35.215888,128.592968,43.524016,280.080132,"400 CHISHOLM DRIVE, MILTON,ON"
24,ALUDYNE GEORGIA MACHINING LLC,200061,,,Changwon Plant,US,NA,안근수,,0.12085638,35.203168,128.669741,32.528282,275.027791,"1300-1598 Belfast Ave, Columbus, GA"
25,Hollingsworth Logistics Management,200626,,,Changwon Plant,US,NA,안근수,,1.35201487,35.203168,128.669741,42.341608,276.817867,"Dearborn MI 48126, 142-25 Warren Ave"
26,Dynamic Suspensions of Multimatic I,200031,,,Masan Plant,CA,NA,최향민,,0.88972,35.215888,128.592968,44.073856,280.519249,"125 CORCORANCRT, EAST GWILLIMBURY,ON"
27,Weihai Sakthi-Bethel Automotive Saf,200064,,,Masan Plant,CN,AS,이상영,,0.58779,35.215888,128.592968,36.919913,121.53316,"Kaituo Road, Rushan City, Weihai City, Shandong, China, 264515"
28,AILN BUSAN(CTR),300034,,,Masan Plant,KR,KR,이근수,,15.80281854,35.215888,128.592968,35.210983,128.98125,"르노삼성대로61, 부산광역시 강서구"
29,GM BRAZIL 4M,200094,,,Masan Plant,BR,SA,이상영,,13.15508,35.215888,128.592968,-23.438915,313.743493,"Av. General Motors, 1999 - Taboão, Mogi das Cruzes - SP, 08772-710, Brazil"
30,BENTELER AUTOMOBIL TECH GMBH-DIR,200081,,,Changwon Plant,ES,EU,안근수,,18.0104,35.203168,128.669741,51.749964,8.755632,"An der Talle 27-31, Paderborn"
31,HIRUTA AND SUMMIT OFFICE,200090,,,Changwon Plant,TH,AS,이근수,,28.38234859,35.203168,128.669741,13.167472,100.92879,"Nong Kham, Si Racha District, Chon Buri 20110, Thailand"
32,BENTELER SOUTH AFRICA,200103,,,Changwon Plant,ZA,AF,이근수,,15.33936268,35.203168,128.669741,-26.28963,28.119853,"13 Ventonie St. Alrode, Alberton Gauteng"
33,AILN BUSAN(CTR),300034,,,Changwon Plant,KR,KR,이근수,,119.5283496,35.203168,128.669741,35.210983,128.98125,"르노삼성대로61, 부산광역시 강서구"
34,ZFLSCHINA,200499,,,Changwon Plant,CN,AS,이근수,,0.09059931,35.203168,128.669741,30.919647,121.469182,"No.1088 North Huancheng Road, Fengxian District, Shanghai"
35,FMCSA A/S (FORD SOUTH AFRICA),287421,,,Changwon Plant,ZA,AF,이근수,,0.46224028,35.203168,128.669741,-25.720938,28.331992,"CSO Receiving, Waltloo-0184, Simon Vermooten Road, Gate 3"
36,Dynamic Suspensions of Multimatic I,200031,,,Changwon Plant,CA,NA,안근수,,90.6966308,35.203168,128.669741,44.073856,280.519249,"125 CORCORANCRT, EAST GWILLIMBURY,ON"
37,GESTAMP ZARAGOZA,200527,,,Changwon Plant,ES,EU,최유정,,23.8998061,35.203168,128.669741,41.73474,-1.188072,"Poligono Industrial El Pradillo,, Pedrola, Zaragoza"
38,MAGNETI MARELLI BRAZIL,200539,,,Changwon Plant,BR,SA,최유정,,2.07129404,35.203168,128.669741,-22.732676,313.114748,"SP-095 & Rodovia João Beira, Pedreira - SP"
39,TRAKYA DOKUM,200084,,,Changwon Plant,TR,ME,안근수,,51.445,35.203168,128.669741,41.40852,27.35292,"E-5 Karayolu Üzeri, Büyükkarıştı, Lüleburgaz/Kırklareli"
40,F&P AMERICA,200013,,,Masan Plant,US,NA,이상영,,3.81576,35.215888,128.592968,40.066942,275.751983,"2101 CORPORATE DR, TROY, OH"
41,F&P MEXICO,200096,,,Changwon Plant,MX,SA,이상영,,0,35.203168,128.669741,21.01671,258.74595,"36835 Guanajuato Centro Industrial Guanajuato Calle Santiago, Mexico, 242"
42,LUFAPAK,200585,,,Changwon Plant,DE,EU,안근수,,0.255976,35.203168,128.669741,50.424869,7.541863,"Carl-Borgward-StraBe 20, Neuwied"
43,Ford Otosan,200676,,,Changwon Plant,TR,ME,이근수,,0.3487925,35.203168,128.669741,40.974499,29.232917,"AKPINAR MAH. HASAN BASRI CAD., SANCAKTEPE  KADIKÖY  ISTANBUL"
44,ZF NORTH AMERICA INC.,200516,,,Changwon Plant,US,NA,안근수,,25.61435244,35.203168,128.669741,42.399428,276.497659,"15811 Centennial Dr, Northville, MI"
45,Gestamp Baires(Argentina),203886,,,Changwon Plant,AR,SA,이근수,,7.19169444,35.203168,128.669741,-34.348212,301.204335,"B1625 Belén de Escobar, Buenos Aires Province, Argentina"
46,MARTINREA,200089,,,Changwon Plant,US,NA,안근수,,11.34498,35.203168,128.669741,35.600525,272.88134,"2003 Oakland Parkway, Columbia, Tennessee"
47,ZF Automotive Technologies,288122,,,Changwon Plant,CN,AS,이근수,,5.3864848,35.203168,128.669741,31.81177699,120.5365672,"No. 396 Xitang Road, Economic Development Area, Zhangjiagang City, Jiangsu Province, China"
48,GESTAMP_CHELSEA_MI_USA,200537,,,Changwon Plant,US,NA,안근수,,0.0389,35.203168,128.669741,42.32314,275.972111,"5800 Sibley Rd, Chelsea, MI"
49,GeNI de Mexico S.A.,287534,,,Changwon Plant,MX,SA,최향민,,57.352652,35.203168,128.669741,19.159706,261.593765,"Cuarto Barrio, 74160 Huejotzingo, Pue., Mexico, Carretera al Aeropuerto Km 2.700,"
50,Linamar Albion,200619,,,Changwon Plant,US,NA,안근수,,24.57435,35.203168,128.669741,41.392712,274.598291,"1514 Progress Dr, Albion, IN 46701, United States of America"
51,DICASTAL(KSM) CHINA_T,288327,,,Changwon Plant,CN,AS,우성령/조소영,,26.38726,35.203168,128.669741,30.52688349,104.1797819,"No. 1168 Tian Gong Avenue, Shuangliu District, Chengdu, Sichuan Province, China"
52,F&P Georgia(FTECH),288184,,,Changwon Plant,US,NA,우성령/조소영,,12.81084,35.203168,128.669741,34.174954,274.805022,"Rome, GA, 10 Governors Drive"
53,TUOPU ELECTRIC VEHICLE,288265,,,Changwon Plant,CN,AS,우성령/조소영,,17.101587,35.203168,128.669741,30.35577901,121.3108472,"The northeast side of the intersection of Yuhai East Road and Zhongyuan Road in Cixi City, Ningbo"
54,Ford Michigan,200080,,,Changwon Plant,US,NA,안근수,,9.48708,35.203168,128.669741,42.320414,276.781106,"330 Town Center Drive Suite 1100, Dearborn, MI"
55,Magna Williamsburg-SPO,287416,,,Changwon Plant,US,NA,최유정,,0.1139832,35.203168,128.669741,41.663577,268.001662,"WILLIAMSBURG, IA, USA, 408 N MAPLEWOOD AVE"
56,SMW Automotive Parts (Wuhan) Co.Ltd.,288353,,,Changwon Plant,CN,AS,안근수,,0.05742,35.203168,128.669741,30.580944,114.288989,"No.58 Xing Hua Road Xinke Industrial Park, Wuhan, China"
57,MODATEK through warehouse,200038,,,Changwon Plant,CA,NA,이상영,,0,35.203168,128.669741,43.524016,280.080132,"400 CHISHOLM DRIVE, MILTON,ON"
58,SHANGHAI HUIZHONG AUTOMOTIVE MAN,200074,,,Changwon Plant,CN,AS,최향민,,5.90876,35.203168,128.669741,31.221196,121.537846,"NO1493 SOUTH PUDONG ROAD, SHANGHAI"
59,COSMA Automotive(Shanghai) Co.Ltd.,200152,,,Changwon Plant,CN,AS,이상영,,4.8776,35.203168,128.669741,31.33150496,121.1914178,"No. 1501 Bai'an Road, Jiading District, Shanghai"
60,NINGBO XUSHENG GROUP  CO.LTD,202032,,,Changwon Plant,CN,AS,우성령/조소영,,22.12736,35.203168,128.669741,29.861335,121.621407,"Ningbo, Zhejiang Province, China, No.128 Yinluohe Road, Beilun,"
61,Aludyne US LLC,200004,,,Changwon Plant,US,NA,안근수,,0,35.203168,128.669741,41.745119,274.264749,"51650 County Road 133, Bristol, IN"
62,Aludyne Automotive Mexico City Sade,287419,,,Changwon Plant,US,NA,우성령/조소영,,0,35.203168,128.669741,19.357746,260.90554,"MEX 09360, Ermita Iztapalapa No. 1478"
63,TENNECO,200584,,,Masan Plant,US,NA,우성령/조소영,,0,35.215888,128.592968,41.411364,275.905792,"Tenneco, Inc. 11800 County Road 424, Napoleon, OH  43545  USA"
64,Weihai Sakthi-Bethel Automotive Saf,200064,,,Changwon Plant,CN,AS,이상영,,2.8304,35.203168,128.669741,36.919913,121.53316,"Kaituo Road, Rushan City, Weihai City, Shandong, China, 264515"
65,SHANGHAI HUIZHONG AUTOMOTIVE MAN,200074,,,Masan Plant,CN,AS,최향민,,0.46,35.215888,128.592968,31.221196,121.537846,"NO1493 SOUTH PUDONG ROAD, SHANGHAI"
66,TOOLING & EQUIPMENT INTERNATIONAL,288371,,,Masan Plant,US,NA,최향민,,0,35.215888,128.592968,42.37576,276.6572,"12550 tech center drive livonia michigan 48150-2192, Livonia"
67,Sigma ASL,287491,,,Changwon Plant,GB,EU,조소영/장병옥,,1.61154,35.203168,128.669741,51.56928,0.64314,"Leigh on Sea Essex, Progress House 41 Progress Road Eas"
68,Aludyne China(DMI Suzhou),200006,,,Changwon Plant,CN,AS,안근수,,0,35.203168,128.669741,31.450982,120.939649,"No. 299 Yuyang Road, Building B, Pingqian Industrial Park, Yushan Town, Kunshan City, Suzhou Province"
69,KSM Castings USA Inc.,287403,,,Changwon Plant,US,NA,안근수,,7.1346,35.203168,128.669741,35.32147,278.373266,"Shelby NC 28150, 120 Blue Brook Drive"
70,CITIC DICASTAL(KSM),200082,,,Changwon Plant,CN,AS,우성령/조소영,,8.7834915,35.203168,128.669741,39.940951,119.589243,"ECONOMIC & TECHNOLOGIC DEVELOPME, QINHUANGDAO,HEBEI"
71,TENNECO,200584,,,Changwon Plant,US,NA,우성령/조소영,,3.377796,35.203168,128.669741,41.411364,275.905792,"Tenneco, Inc. 11800 County Road 424, Napoleon, OH  43545  USA"
72,DICASTAL (DIKA) MOROCCO CASTINGS,288338,,,Changwon Plant,MA,EU,우성령/조소영,,2.9555715,35.203168,128.669741,34.30055668,-6.404864341,"Kenitra 14000, Morocco"
73,BENTELER SPARTANBURG,287374,,,Masan Plant,US,NA,강태영,,2.48616,35.215888,128.592968,34.907842,277.839665,"1117 VICTOR HILL ROAD GREER, SOUTH CAROLINA 29651, USA"
74,RHENUS AUTOMOTIVE HOLDINGS. CO.LTD,287459,,,Masan Plant,CN,AS,강태영,,31.6752,35.215888,128.592968,41.79761,123.450306,"No. 19, Dongteng First Street, Dadong District, Shenyang City, Liaoning Province"
75,SGM (SPO),200058,,,Masan Plant,CN,AS,이상영,,0.496173,35.215888,128.592968,31.2246,121.64131,"No. 2119 Zhangyang Road, Pudong New Area, Shanghai"
76,GM HOLDEN SPO(DIRECT),200059,,,Masan Plant,AU,OC,이상영,,0.6800762,35.215888,128.592968,-34.321802,150.911683,"99 Princes Highway Dandenong3175, Victoria, AU"
77,OPEL SPO(EUR_DIRECT),200053,,,Masan Plant,DE,EU,최유정,,0.00756906,35.215888,128.592968,50.059557,8.520505,"BKS Scan Center, IPC 01-01, Russelsheim"
78,#N/A,200037,,,Masan Plant,US,NA,이상영,,26.786151,35.215888,128.592968,42.734618,275.446121,"C/O Ryder Integrated Logistics ?, Lansing, MI"
79,GM SPO Lansing,203940,,,Masan Plant,US,NA,이상영,,0.1146971,35.215888,128.592968,42.716088,275.390266,"Lansing, MI 48917, 4400 W.Mount Hope Rd."
80,MOBIS NORTH AMERICA,200079,,,Masan Plant,US,NA,최유정,,0.0291634,35.215888,128.592968,42.304695,276.893655,"6401 W Fort St, Detroit, MI"
81,TXX gigafactory texas,287386,,,Changwon Plant,US,NA,우성령/조소영,,109.58737,35.203168,128.669741,29.963992,262.213091,"Dr (Kyle 2 - MY) 201 Logistics Dr  Kyle, TX 78640 USA, NA-US-TX-Kyle-201 Logistics"
82,TXX gigafactory texas,287386,,,Masan Plant,US,NA,우성령/조소영,,144.67752,35.215888,128.592968,29.963992,262.213091,"Dr (Kyle 2 - MY) 201 Logistics Dr  Kyle, TX 78640 USA, NA-US-TX-Kyle-201 Logistics"
83,TXX lathrop,287548,,,Masan Plant,US,NA,우성령/조소영,,90.8796,35.215888,128.592968,37.822738,238.723142,"Lathrop, CA 95330 USA, NA-US-CA-Lathrop-701 D'Arcy Pkwy"
84,BMW,200609,,,Masan Plant,DE,EU,강태영,,51.909,35.215888,128.592968,48.176842,11.560135,Petuelring 130 BMW Haus
85,TXX livermore atlantis,203954,,,Masan Plant,US,NA,우성령/조소영,,232.36908,35.215888,128.592968,37.681582,238.188567,"Atlantis Court Livermore, CA 94551 USA, Atlantis Court 800"
86,AILN BUSAN(CTR),300034,,,Daehap Plant,KR,KR,이근수,,184.224633,35.592007,128.44714,35.210983,128.98125,"르노삼성대로61, 부산광역시 강서구"
87,LUCID MOTORS,200693,,,Masan Plant,US,NA,조소영/장병옥,,92.40938178,35.215888,128.592968,32.864757,248.213171,"Lucid USA, Inc.(CasaGrande Whse) 1185 W Peters Rd, CASA GRANDE AZ 85122 USA"
88,TXX livermore,203953,,,Masan Plant,US,NA,우성령/조소영,,64.97676,35.215888,128.592968,44.383415,289.750905,"Discovery Dr. Livermore, CA 94551 USA, Tesla Livermore Discovery 201"
89,Ford Michigan,200080,,,Masan Plant,US,NA,안근수,,45.29324292,35.215888,128.592968,42.320414,276.781106,"330 Town Center Drive Suite 1100, Dearborn, MI"
90,DANA CORPORATION,200538,,,Masan Plant,US,NA,안근수,,14.341248,35.215888,128.592968,30.573252,262.143315,"5900 183 A Toll Road, Leander, TX"
91,CHEVROLET SALES(TH) SPO,200056,,,Yeongsan Plant,TH,AS,이상영,,0.0952035,35.447662,128.52357,13.853241,100.574919,"Phaholyothin Rd, Chatuchak, Chatuchak, Bangkok"
92,SGM (SPO),200058,,,Yeongsan Plant,CN,AS,이상영,,0.5787291,35.447662,128.52357,31.2246,121.64131,"No. 2119 Zhangyang Road, Pudong New Area, Shanghai"
93,GM SPO Davison,203939,,,Yeongsan Plant,US,NA,이상영,,2.7194159,35.447662,128.52357,43.029,276.367138,"Road Burton, MI 48509, 4134 Davison"
94,GM BRAZIL CKD,200042,,,Yeongsan Plant,BR,SA,이상영,,4.5067,35.447662,128.52357,-23.165863,314.186101,"Jardim das Flores, São José dos Campos - State of São Paulo, Brazil"
95,PT GENERAL MOTORS INDONESIA(SERV,200052,,,Yeongsan Plant,ID,AS,이상영,,0.21404,35.447662,128.52357,-6.237358,106.8204,"Jl.Sultan Iskandar Muda Kav.V, TA Pondok Indah, Jakarta Selatan"
96,GM BRAZIL CCA,200057,,,Yeongsan Plant,BR,SA,이상영,,1.1719,35.447662,128.52357,-23.433664,312.562411,"Av. Gen. Motors, 100, Sorocaba - SP, 18087-165, Brazil"
97,UZ-AUTO MOTORS,200041,,,Yeongsan Plant,UZ,NA,이상영,,12.5085,35.447662,128.52357,40.650394,72.249565,"81, Humo Street, Asaka City, Andijan Reg"
98,MODATEK through warehouse,200038,,,Yeongsan Plant,CA,NA,이상영,,1.4745092,35.447662,128.52357,43.524016,280.080132,"400 CHISHOLM DRIVE, MILTON,ON"
99,SGM SHANGHAI LIMITED,203936,,,Yeongsan Plant,CN,AS,이상영,,-0.10480171,35.447662,128.52357,31.266716,121.608071,"1500 Shen Jiang Lu, Pu Dong Xin Qu, Shang Hai Shi, China, 201206"
100,OPEL SPO(EUR_DIRECT),200053,,,Yeongsan Plant,DE,EU,최유정,,0.0392688,35.447662,128.52357,50.059557,8.520505,"BKS Scan Center, IPC 01-01, Russelsheim"
101,OPELSPO,200498,,,Yeongsan Plant,DE,EU,최유정,,0.000807,35.447662,128.52357,49.836859,8.924563,"Kreditoren-Buchhaltung BKS Scan, Russelsheim"
102,#N/A,200030,,,Yeongsan Plant,US,NA,이상영,,0,35.447662,128.52357,39.090755,265.299745,"5300 KANSAS AVE, KANSAS CITY, KANSAS"
103,GM RAMOS(MEXICO),200040,,,Yeongsan Plant,MX,SA,최향민,,7.084181,35.447662,128.52357,25.535506,259.043208,"Prol Blvd Isidro Lopez Zertuche, Ramos Arizpe, Coahuila"
104,GM SPRING HILL(USA),200075,,,Yeongsan Plant,US,NA,최향민,,3.1473,35.447662,128.52357,35.74915,273.04728,"100 Saturn Parkway, Springhill, TN"
105,SGM SHANGHAI LQ,203934,,,Yeongsan Plant,CN,AS,최향민,,1.0955463,35.447662,128.52357,31.266716,121.608071,"1500 Shen Jiang Lu, Pu Dong Xin Qu, Shang Hai Shi, China, 201206"
106,SGM SHANGHAI RDC,203937,,,Yeongsan Plant,CN,AS,최향민,,0.26834784,35.447662,128.52357,31.266716,121.608071,"1500 Shen Jiang Lu, Pu Dong Xin Qu, Shang Hai Shi, China, 201206"
107,Stellantis Espana S.L.,200068,,,Yeongsan Plant,FR,EU,최유정,,9.1612558,35.447662,128.52357,48.934519,2.044594,"Bld De L'europe Yvelines, Cedex Poissy"
108,FORD TAIWAN,200535,,,Yeongsan Plant,TW,AS,안근수,,1.973512,35.447662,128.52357,24.956654,121.22035,"705 Zhonghua Rd., Sec. 1, Zhongli District, Taoyuan"
109,GM SAN LUIS(MEXICO),200097,,,Yeongsan Plant,US,NA,최향민,,32.9562,35.447662,128.52357,21.947294,259.13909,"Parque Industrial Logistik, Col., Laguna de San Vicente., Villa de"
110,GM SPO Lansing,203940,,,Yeongsan Plant,US,NA,최향민,,0.013345,35.447662,128.52357,42.716088,275.390266,"Lansing, MI 48917, 4400 W.Mount Hope Rd."
111,SGM SHENYANG NORSOM MOTORS,203935,,,Yeongsan Plant,CN,AS,이상영,,2.12886342,35.447662,128.52357,41.802512,123.465441,"15 BEIDAYING ROAD DADONG DISTRICT, SHENYANG"
112,FORD EU,200119,,,Yeongsan Plant,DE,EU,안근수,,0.970126,35.447662,128.52357,52.520089,13.369238,"Germany, Germany"
113,GM BOWLING GREEN PLANT,200134,,,Yeongsan Plant,US,NA,최향민,,5.87284,35.447662,128.52357,37.026953,273.664563,"383 Scotty’s Way,, Bowling Green, KY"
114,GM FORT WAYNE,200120,,,Yeongsan Plant,US,NA,이상영,,26.4497747,35.447662,128.52357,42.578849,276.363273,"General Motors C/O LINC Airport, USA"
115,GM SILAO (MEXICO),200121,,,Yeongsan Plant,MX,SA,이상영,,35.137606,35.447662,128.52357,20.943338,258.57279,"Carretera Silao-Guanajuato Km. 3, Silao, Gto"
116,#N/A,203938,,,Yeongsan Plant,CA,NA,이상영,,15.188,35.447662,128.52357,43.897565,281.136357,"Car Assembly 1 CEVA - GATE #1 - STEVENSON ROAD, OSHAWA,, 14020-General Motors Oshawa"
117,GM Romulus warehouse,287431,,,Yeongsan Plant,US,NA,이상영,,0,35.447662,128.52357,42.211345,276.581007,"Michigan, 48174, 38481 W. Huron Drive, Romulus,"
118,TXX livermore atlantis,203954,,,Yeongsan Plant,US,NA,우성령/조소영,,48.93094,35.447662,128.52357,37.681582,238.188567,"Atlantis Court Livermore, CA 94551 USA, Atlantis Court 800"
119,TXX gigafactory texas,287386,,,Yeongsan Plant,US,NA,우성령/조소영,,46.44554,35.447662,128.52357,29.963992,262.213091,"Dr (Kyle 2 - MY) 201 Logistics Dr  Kyle, TX 78640 USA, NA-US-TX-Kyle-201 Logistics"
120,Ford Chicago,203929,,,Yeongsan Plant,US,NA,안근수,,18.187008,35.447662,128.52357,35.422912,276.527957,"CENTER DRIVE SUITE 1100, 330 TOWN"
121,Ford Chicago (SHO),203930,,,Yeongsan Plant,US,NA,안근수,,0,35.447662,128.52357,35.422912,276.527957,"CENTER DRIVE SUITE 1100, 330 TOWN"
122,GM FLINT,200540,,,Yeongsan Plant,US,NA,이상영,,30.385858,35.447662,128.52357,42.961353,276.237748,"4405 Continental Dr, Flint, MI"
123,Stellantis Espana S.L.(PSA),200548,,,Yeongsan Plant,ES,EU,최유정,,15.22464467,35.447662,128.52357,46.265134,11.087048,"PCAE, 3-5 CALLE CITROEN, VIGO"
124,PSA MOROCCO,200549,,,Yeongsan Plant,MA,EU,최유정,,5.86300404,35.447662,128.52357,34.29893358,-6.393430871,"Atlantic Free Zone : RN4 • Route Sidi Yahya, Commune Amer Saflia, Kénitra, Morocco"
125,Ford Louisville,203931,,,Yeongsan Plant,US,NA,안근수,,35.539862,35.447662,128.52357,35.422912,276.527957,"CENTER DRIVE SUITE 1100, 330 TOWN"
126,GM BRAZIL 4E,200095,,,Yeongsan Plant,BR,SA,이상영,,1.0983,35.447662,128.52357,-23.6162053,313.4419052,"Av. Goiás, 1805 - Santa Paula, São Caetano do Sul - SP, 09521-300, Brazil"
127,VOLVO HUB (KATOEN NATIE),200157,,,Yeongsan Plant,BE,EU,최유정,,11.34472504,35.447662,128.52357,51.11653,3.792203,"Eddastraat 34, Gent"
128,Ford Cuatilan,203932,,,Yeongsan Plant,US,NA,안근수,,11.234773,35.447662,128.52357,35.422912,276.527957,"CENTER DRIVE SUITE 1100, 330 TOWN"
129,Ford Hermosillo,203933,,,Yeongsan Plant,US,NA,안근수,,46.5171896,35.447662,128.52357,35.422912,276.527957,"CENTER DRIVE SUITE 1100, 330 TOWN"
130,Ford Michigan,200080,,,Yeongsan Plant,US,NA,안근수,,33.3017484,35.447662,128.52357,42.320414,276.781106,"330 Town Center Drive Suite 1100, Dearborn, MI"
131,FTM(FORD THAILAND),200105,,,Yeongsan Plant,TH,AS,이근수,,15.66718142,35.447662,128.52357,13.07490089,101.205014,"Amphur Pluakdaeng, Hemaraj Eastern Seaboard Industr"
132,JMC (Jiangling Motors Corporation),200107,,,Yeongsan Plant,CN,AS,이근수,,3.130884,35.447662,128.52357,28.62634,115.90661,"No. 509 Yingbin North Avenue, Qingyunpu District, Nanchang City, Jiangxi Province"
133,GM ARLINGTON,200595,,,Yeongsan Plant,US,NA,이상영,,31.34348,35.447662,128.52357,32.735623,262.892892,"ARLINGTON, TX 760, 3800 EAST AVE. E,"
134,AAT(AUTO ALLIANCE THAILAND),200091,,,Yeongsan Plant,TH,AS,이근수,,14.0242236,35.447662,128.52357,27.24998,88.34932,"Industrial Estate (Rayong) No. 4, Pluakdaeng, Rayong"
135,FMCSA(FORD SOUTH AFRICA),200102,,,Yeongsan Plant,ZA,AF,이근수,,18.21107904,35.447662,128.52357,-25.748326,28.32746,"Simon Vermooten Road Silverton, Pretoria East Pretoria"
136,FSAO(FORD ARGENTINA),200106,,,Yeongsan Plant,AR,SA,이근수,,9.03466368,35.447662,128.52357,-34.44523659,301.3008456,"Colectora Este 34603 Avenida Henry Ford GTA, Colectora Este Panamericana y, B1617 Gral. Pacheco, Provincia de Buenos Aires, Argentina"
137,Ford Vietnam,203794,,,Yeongsan Plant,VN,AS,이근수,,1.6952116,35.447662,128.52357,20.928835,106.281586,"Hai Duong Province, Vietnam, Tu Minh Ward, Hai Duong City"
138,FMCSA A/S (FORD SOUTH AFRICA),287421,,,Yeongsan Plant,ZA,AF,이근수,,0.0422092,35.447662,128.52357,-25.720938,28.331992,"CSO Receiving, Waltloo-0184, Simon Vermooten Road, Gate 3"
139,GM Wentzville,287388,,,Yeongsan Plant,US,NA,최향민,,14.676196,35.447662,128.52357,38.81841,269.17877,"MO 63385, 1500 Hwy A, Wentzville,"
140,GM HAMTRAMCK,200063,,,Yeongsan Plant,US,NA,최향민,,24.70885824,35.447662,128.52357,42.367136,276.958254,"2500 E. GENERAL MOTORS BLVD, DETROIT, MICHIGAN, 48211, US"
141,GM CAMI(CANADA),200085,,,Yeongsan Plant,CA,NA,최향민,,1.9738278,35.447662,128.52357,43.12021,279.222325,"300 Ingersoll Road,, Ingersoll, Ontario"
142,TXX livermore,203953,,,Yeongsan Plant,US,NA,우성령/조소영,,4.71324,35.447662,128.52357,44.383415,289.750905,"Discovery Dr. Livermore, CA 94551 USA, Tesla Livermore Discovery 201"
143,TXX manufacturing brandenburg se,287366,,,Yeongsan Plant,DE,EU,우성령/조소영,,29.28192,35.447662,128.52357,52.295045,13.471359,"Maulbeerstraße 15 Rangsdorf, Brandenburg 15834 Germany, Tesla Schnellecke Warehouse Rangsdo"
144,GM LANSING(C1XX),200098,,,Yeongsan Plant,US,NA,최향민,,23.142,35.447662,128.52357,42.70405,275.342175,"ASLAA, 2901 South Canal Rd, Lansing, MI,"
145,GM HAMTRAMCK,200063,,,Masan Plant,US,NA,최향민,,157.2707782,35.215888,128.592968,42.367136,276.958254,"2500 E. GENERAL MOTORS BLVD, DETROIT, MICHIGAN, 48211, US"
146,GM SPO Flint,288400,,,Masan Plant,US,NA,최향민,,0.027231,35.215888,128.592968,43.022192,276.347218,"502 Kelso, Flint, MI 48506"
147,Aludyne Georgia,200025,,,Daehap Plant,US,NA,안근수,,0,35.592007,128.44714,41.554594,275.224,"507 WINDIANA ST, EDON,OH"
148,Aludyne US LLC - PH7,288410,,,Daehap Plant,US,NA,안근수,,8.3165824,35.592007,128.44714,42.952703,277.548976,"2347 Dove Street, Port Huron  MI  48060 USA"
149,Garrett Motion Japan,200001,,,Daehap Plant,JP,AS,손정아,,1.3578645,35.592007,128.44714,35.643125,139.741008,"NEW Pier Takeshiba southtower building 20f, Minato-ku, Tokyo"
150,Garrett Motion Technology (Shanghai,200002,,,Daehap Plant,CN,AS,손정아,,0.0590065,35.592007,128.44714,31.22184,121.44341,"No. 8 Niudun Road, Pudong New Area, Shanghai"
151,NEXTEER AUTOMOTIVE POLAND SPZOO,200049,,,Changwon Plant,PL,EU,최유정,,0.46629,35.203168,128.669741,50.099386,19.017421,"UL TOWAROWA 6, TYCHY"
152,SGM SALES COMPANY LIMITED,200012,,,Changwon Plant,CN,AS,이상영,,0.013013,35.203168,128.669741,31.232276,121.469207,"1500 SHEN JIANG ROAD, JINQIAO, PUDONG, SHANGHAI"
153,SGM SHANGHAI LIMITED,203936,,,Changwon Plant,CN,AS,이상영,,-0.27137981,35.203168,128.669741,31.266716,121.608071,"1500 Shen Jiang Lu, Pu Dong Xin Qu, Shang Hai Shi, China, 201206"
154,NEXTEER AUTOMOTIVE C/O PROTRANS-,200021,,,Changwon Plant,MX,SA,최유정,,1.67590248,35.203168,128.669741,20.679173,259.68587,"RAFAEL SESMA HUERTA #12, PRAQUE IND FINSA, EL MARQUES QRO"
155,BOSCHUSA(HEBRON)-대우,400019,,,Changwon Plant,US,NA,송재원,,0.9469152,35.203168,128.669741,39.080795,275.325103,"1201 Aviation Boulevard, Hebron, Kentucky"
156,Robert Bosch Automotive Steering LL,287570,,,Changwon Plant,MX,SA,송재원,,0.068094,35.203168,128.669741,20.642287,259.856214,"Galeras, 76288 Colón, Querétaro, Mexico"
157,BOSCH HUNGARY-대우,400025,,,Masan Plant,HU,EU,송재원,,23.749644,35.215888,128.592968,47.885397,20.396785,"Kistályai út 2, Eger"
158,NEXTEER AUTOMOTIVE CORPORATION(미,200048,,,Changwon Plant,US,NA,최유정,,56.59721812,35.203168,128.669741,43.412161,276.117208,"3900 HOLLAND ROAD, SAGINAW, MI"
159,ROBERT BOSCH  AUTOMOTIVE STEERIN,200043,,,Changwon Plant,MY,AS,송재원,,0.07502,35.203168,128.669741,5.294918,100.25957,"Industrial Zone Phase 1, Bayan Lepas"
160,BOSCH GERMANY-대우,400017,,,Masan Plant,DE,EU,송재원,,25.4522968,35.215888,128.592968,48.814644,9.823564,"Richard-Bullinger-Straße 77, Schwäbisch Gmünd"
161,THYSSENKRUPP PRESTA MULHEIM(GERM,200108,,,Masan Plant,DE,EU,송재원,,69.27999984,35.215888,128.592968,51.400303,6.879516,"Sommerfeld 22-28, Mülheim an der Ruhr"
162,THYSSENKRUPP PRESTA HUNGARY,200116,,,Changwon Plant,HU,EU,송재원,,15.930288,35.203168,128.669741,47.58455,19.74552,"Jászfényszaru, Thyssenkrupp utca 1."
163,BOSCHUSA(HEBRON)-대우,400019,,,Masan Plant,US,NA,송재원,,10.7688302,35.215888,128.592968,39.080795,275.325103,"1201 Aviation Boulevard, Hebron, Kentucky"
164,THYSSENKRUPP PRESTA HUNGARY(FCA),288263,,,Changwon Plant,HU,EU,송재원,,36.31417296,35.203168,128.669741,47.58455,19.74552,"Jászfényszaru, Thyssenkrupp utca 1."
165,BOSCH STEERING SAS FRANCE,288396,,,Masan Plant,FR,EU,송재원,,0.04239,35.215888,128.592968,46.08858,6.500612,"130/326 Impasse des Cèdres, Marignier"
166,HITACHI AUTMOTIVE AMERICA,200076,,,Changwon Plant,US,NA,최유정,,0.377487,35.203168,128.669741,33.812501,276.323075,"1000 Unisia Dr, Monroe, GA"
167,BOSCH GERMANY-대우,400017,,,Changwon Plant,DE,EU,송재원,,2.8268528,35.203168,128.669741,48.814644,9.823564,"Richard-Bullinger-Straße 77, Schwäbisch Gmünd"
168,BOSCH GERMANY,200708,,,Changwon Plant,DE,EU,송재원,,0.1261,35.203168,128.669741,48.814644,9.823564,"Richard-Bullinger-Straße 77, Schwäbisch Gmünd"
169,NEXTEERAUTOMOTIVE(SUZHOU)CO LTD,200034,,,Changwon Plant,CN,AS,최유정,,0.038016,35.203168,128.669741,31.301138,120.580269,"NO. 72FENGLI STREET SUZHOU INDUS, SUZHOU, JIANGSU"
170,BOSCH HUNGARY-대우,400025,,,Changwon Plant,HU,EU,송재원,,40.69843808,35.203168,128.669741,47.885397,20.396785,"Kistályai út 2, Eger"
171,KNORR-BREMSE STEERINGSYSTEMS GMB,200009,,,Masan Plant,DE,EU,이근수,,0,35.215888,128.592968,51.285234,7.042189,"HENRY-FORD II-STR.15, WUELFRATH"
172,HYUNDAI POLYTECH AMERICA COMPANY,200092,,,Masan Plant,US,NA,우성령/조소영,,7.7112,35.215888,128.592968,31.852759,274.854328,"4 HUMMINBIRD LANE, EUFAULA AL"
173,THYSSENKRUPP PRESTA HUNGARY,200116,,,Masan Plant,HU,EU,송재원,,14.751924,35.215888,128.592968,47.58455,19.74552,"Jászfényszaru, Thyssenkrupp utca 1."
174,GM BOWLING GREEN PLANT,200134,,,Masan Plant,US,NA,최향민,,15.87192,35.215888,128.592968,37.026953,273.664563,"383 Scotty’s Way,, Bowling Green, KY"
175,UZ-AUTO MOTORS,200041,,,Changwon Plant,UZ,NA,이상영,,25.0921,35.203168,128.669741,40.650394,72.249565,"81, Humo Street, Asaka City, Andijan Reg"
176,NINGBO XUSHENG GROUP  CO.LTD,202032,,,Masan Plant,CN,AS,우성령/조소영,,0,35.215888,128.592968,29.861335,121.621407,"Ningbo, Zhejiang Province, China, No.128 Yinluohe Road, Beilun,"
177,NEXTEER AUTOMOTIVE C/O PROTRANS-,200021,,,Masan Plant,MX,SA,최유정,,11.06891158,35.215888,128.592968,20.679173,259.68587,"RAFAEL SESMA HUERTA #12, PRAQUE IND FINSA, EL MARQUES QRO"
178,Multimatic Advanced Manufacturing Technologies,288445,,,Masan Plant,CA,NA,안근수,,0.174825,35.215888,128.592968,43.853794,280.634517,"85 Valleywood Drive, Markham, ON"
179,TBD -Ford Plant,200031,,,Yeongsan Plant,US,NA,안근수,,0,35.447662,128.52357,44.073856,280.519249,"125 CORCORANCRT, EAST GWILLIMBURY,ON"
180,TBD -Ford Plant,0,,,Masan Plant,US,NA,안근수,,0,35.215888,128.592968,44.073856,280.519249,"125 CORCORANCRT, EAST GWILLIMBURY,ON"
181,CEER,288139,,,Masan Plant,SA,ME,김봉현,,49.9993656,35.215888,128.592968,24.82892505,46.57170619,"First Floor, Focus Office,Boulevard 2030, 2912,Prince Saud bin Abdullah bin Jalawi, Al Qairawan, Riyadh13535-6157, Kingdom of Saudi Arabia"
182,CEER,288139,,,Daehap Plant,SA,ME,김봉현,,0,35.592007,128.44714,24.82892505,46.57170619,"First Floor, Focus Office,Boulevard 2030, 2912,Prince Saud bin Abdullah bin Jalawi, Al Qairawan, Riyadh13535-6157, Kingdom of Saudi Arabia"
183,CEER,288139,,,Yeongsan Plant,SA,ME,김봉현,,0,35.447662,128.52357,24.82892505,46.57170619,"First Floor, Focus Office,Boulevard 2030, 2912,Prince Saud bin Abdullah bin Jalawi, Al Qairawan, Riyadh13535-6157, Kingdom of Saudi Arabia"
184,GM BRAZIL 4M,200094,,,Yeongsan Plant,BR,SA,이상영,,0,35.447662,128.52357,-23.438915,313.743493,"Av. General Motors, 1999 - Taboão, Mogi das Cruzes - SP, 08772-710, Brazil"
185,BMW,200609,,,Yeongsan Plant,DE,EU,강태영,,0,35.447662,128.52357,48.176842,11.560135,Petuelring 130 BMW Haus
186,GENERAL MOTORS LLC,200054,,,Masan Plant,US,NA,최향민,,-8.16304567,35.215888,128.592968,43.886969,271.497006,"30001 VAN DYKE AVE MC 480-210-7S, WARREN,MI"
187,GENERAL MOTORS LLC,200054,,,Yeongsan Plant,US,NA,최향민,,-8.57044955,35.447662,128.52357,43.886969,271.497006,"30001 VAN DYKE AVE MC 480-210-7S, WARREN,MI"
188,SGM SHANGHAI LIMITED,203936,,,Masan Plant,CN,AS,최향민,,-0.01379534,35.215888,128.592968,31.266716,121.608071,"1500 Shen Jiang Lu, Pu Dong Xin Qu, Shang Hai Shi, China, 201206"
189,CANOO,203911,,,Masan Plant,US,NA,조소영,,0.51320178,35.215888,128.592968,33.850896,241.649115,"CA 90503, 19951 Mariner Avenue TORRANCE,"
190,TBD -Stellantis Poland,0,,,Yeongsan Plant,PL,EU,최유정,,16.27498752,35.447662,128.52357,50.10449726,19.07588329,"Turyńska 100, 43-100 Tychy, Poland"
191,HEGGEMANN AG,203779,,,Masan Plant,DE,EU,송재원,,0.32959872,35.215888,128.592968,51.608208,8.611412,"Zeppelinring 1-6, 33142, B?ren, Germany"
192,GENERAL MOTORS LLC,200054,,,Changwon Plant,US,NA,최향민,,-1.84278757,35.203168,128.669741,43.886969,271.497006,"30001 VAN DYKE AVE MC 480-210-7S, WARREN,MI"
193,TXX livermore atlantis,203954,,,Changwon Plant,US,NA,우성령/조소영,,50.89186,35.203168,128.669741,37.681582,238.188567,"Atlantis Court Livermore, CA 94551 USA, Atlantis Court 800"
194,Weihai Sakthi-Bethel Automotive Safety,200064,,,Changwon Plant,MX,SA,우성령/조소영,,28.72296,35.203168,128.669741,36.919913,121.53316,"Kaituo Road, Rushan City, Weihai City, Shandong, China, 264515"
195,LUCID MOTORS,200693,,,Changwon Plant,US,NA,조소영/장병옥,,0.5265,35.203168,128.669741,32.864757,248.213171,"Lucid USA, Inc.(CasaGrande Whse) 1185 W Peters Rd, CASA GRANDE AZ 85122 USA"
196,Stellantis Espana S.L.(PSA),200548,,,Changwon Plant,ES,EU,최유정,,-1.5543,35.203168,128.669741,46.265134,11.087048,"PCAE, 3-5 CALLE CITROEN, VIGO"
197,Multimatic Advanced Manufacturing Technologies,288445,,,Changwon Plant,CA,NA,안근수,,0.189459,35.203168,128.669741,43.853794,280.634517,"85 Valleywood Drive, Markham, ON"
198,ALUDYNE US LLC - SHB,288412,,,Changwon Plant,US,NA,안근수,,18.019,35.203168,128.669741,35.56116,273.54569,"100 North Creek Drive, Shelbyville TN 37160 USA"
199,Gestamp Turkey,288143,,,Changwon Plant,TR,ME,안근수,,15.62624,35.203168,128.669741,40.857137,29.415293,"Çayırova Kocaeli Turkey, TOSB 1. Cadde No:5 41420"
200,Multimatic Mexico,287599,,,Changwon Plant,MX,SA,안근수,,17.2546,35.203168,128.669741,20.056217,261.244,"San José Iturbide, Gto. Mexico, Parque Opcion,"
201,TBD -Ford Tier1,0,,,Changwon Plant,US,NA,안근수,,0,35.203168,128.669741,33.839967,242.1108,US
202,닛산트레이딩 주식회사 부산지점,101296,,,Changwon Plant,KR,KR,이근수,,0,35.203168,128.669741,35.195982,129.079261,"중앙대로 1217, 1506호(거제동, 국제빌딩 15층), 부산광역시 연제구"
203,Stellantis Espana S.L.,200068,,,Changwon Plant,US,NA,송재원,,0,35.203168,128.669741,48.934519,2.044594,"Bld De L'europe Yvelines, Cedex Poissy"
204,TXX lathrop,287548,,,Changwon Plant,US,NA,우성령/조소영,,98.41046,35.203168,128.669741,37.822738,238.723142,"Lathrop, CA 95330 USA, NA-US-CA-Lathrop-701 D'Arcy Pkwy"
205,GM SPRING HILL(USA),200075,,,Changwon Plant,US,NA,최향민,,8.85972,35.203168,128.669741,35.74915,273.04728,"100 Saturn Parkway, Springhill, TN"
206,GM RAMOS(MEXICO),200040,,,Changwon Plant,MX,SA,최향민,,40.94258,35.203168,128.669741,25.535506,259.043208,"Prol Blvd Isidro Lopez Zertuche, Ramos Arizpe, Coahuila"
207,"NEXTEER(CHINA,SUZHOU)",None,,,Zhangjiagang Plant,CN,AS,NICOLE,,111.8469861,31.81876607,120.5404758,31.301138,120.58027,"Suzhou, China"
208,"MOBIS(CHINA,WUXI)",None,,,Zhangjiagang Plant,CN,AS,GREY,,34.9693092,31.81876607,120.5404758,31.577337,120.29903,"Wuxi, China"
209,"MOBIS(CHINA,JIANGSU)",None,,,Zhangjiagang Plant,CN,AS,GREY,,0,31.81876607,120.5404758,33.779965,119.599204,"Jiangsu, China"
210,"BOSCH(CHINA, NANJING)",None,,,Zhangjiagang Plant,CN,AS,TINA,,23.81602868,31.81876607,120.5404758,32.037132,118.78567,"Nanjing, China"
211,"BOSCH(CHINA, WUHAN)",None,,,Zhangjiagang Plant,CN,AS,TINA,,0.46605,31.81876607,120.5404758,30.580944,114.28899,"Wuhan, China"
212,"YUBEI(CHINA, XINXIANG)",None,,,Zhangjiagang Plant,CN,AS,0,,0,31.81876607,120.5404758,35.194706,113.80148,"Xinxiang, China"
213,"DONGXI(CHINA, ZHANGJIAGANG)",None,,,Zhangjiagang Plant,CN,AS,0,,7.65156,31.81876607,120.5404758,31.876482,120.554245,"Zhangjiagang, China"
214,"SGM(CHINA, YANTAI)",None,,,Zhangjiagang Plant,CN,AS,0,,3.08,31.81876607,120.5404758,37.462406,121.44105,"Yantai, China"
215,"SGM(CHINA, WUHAN)",None,,,Zhangjiagang Plant,CN,AS,0,,1.08467,31.81876607,120.5404758,30.580944,114.28899,"Wuhan, China"
216,"SGM(CHINA,SHANGHAI)",None,,,Zhangjiagang Plant,CN,AS,0,,30.43836,31.81876607,120.5404758,31.232276,121.469207,"Shanghai, China"
217,"SGM(CHINA, SHENYANG)",None,,,Zhangjiagang Plant,CN,AS,0,,0,31.81876607,120.5404758,41.79718,123.41774,"Shenyang, China"
218,"CAAS(CHINA, JINGZHOU)",None,,,Zhangjiagang Plant,CN,AS,GREY,,8.038,31.81876607,120.5404758,30.354942,112.185974,"Jingzhou, China"
219,"SHAC(CHINA,SHENYANG)",None,,,Zhangjiagang Plant,CN,AS,EMILY,,1.11696,31.81876607,120.5404758,41.79718,123.41774,"Shenyang, China"
220,"SHAC(CHINA,SHANGHAI)",None,,,Zhangjiagang Plant,CN,AS,EMILY,,6.0204,31.81876607,120.5404758,31.232276,121.469207,"Shanghai, China"
221,"SHAC(CHINA,WUHAN)",None,,,Zhangjiagang Plant,CN,AS,EMILY,,0.9994,31.81876607,120.5404758,30.580944,114.28899,"Wuhan, China"
222,"SHAC(CHINA,NINGBO)",None,,,Zhangjiagang Plant,CN,AS,EMILY,,17.934,31.81876607,120.5404758,29.861336,121.62141,"Ningbo, China"
223,"POS-AUSTEM(CHINA, WUHAN)",None,,,Zhangjiagang Plant,CN,AS,0,,1.01928,31.81876607,120.5404758,30.580944,114.28899,"Wuhan, China"
224,"POS-AUSTEM (CHINA, YANTAI)",None,,,Zhangjiagang Plant,CN,AS,0,,0,31.81876607,120.5404758,37.462406,121.44105,"Yantai, China"
225,"POS-AUSTEM(CHINA, KUNSHAN)",None,,,Zhangjiagang Plant,CN,AS,0,,23.772632,31.81876607,120.5404758,31.386545,120.97476,"Kunshan, China"
226,"SHENGRANG(CHINA, SUZHOU)",None,,,Zhangjiagang Plant,CN,AS,VAN,,0.5416,31.81876607,120.5404758,31.301138,120.58027,"Suzhou, China"
227,"FORD(CHINA, CHONGQING)",None,,,Zhangjiagang Plant,CN,AS,VAN,,2.7268,31.81876607,120.5404758,29.56474,106.547877,"Chongqing, China"
228,"FORD(CHINA, HANGZHOU)",None,,,Zhangjiagang Plant,CN,AS,VAN,,14.16205656,31.81876607,120.5404758,30.248787,120.20473,"Hangzhou, China"
229,"GAC(CHINA, HANGZHOU)",None,,,Zhangjiagang Plant,CN,AS,MARTIN,,0.258952,31.81876607,120.5404758,30.248787,120.20473,"Hangzhou, China"
230,"GAC(CHINA, YICHANG)",None,,,Zhangjiagang Plant,CN,AS,MARTIN,,8.78063336,31.81876607,120.5404758,30.694828,111.28701,"Yichang, China"
231,"GAC(CHINA, GUANGZHOU)",None,,,Zhangjiagang Plant,CN,AS,MARTIN,,6.9014349,31.81876607,120.5404758,23.125345,113.27006,"Guangzhou, China"
232,"GAC NE(CHINA, GUANGZHOU)",None,,,Zhangjiagang Plant,CN,AS,MARTIN,,19.58763832,31.81876607,120.5404758,23.125345,113.27006,"Guangzhou, China"
233,"GAC NE(CHINA, CHANGSHA)",None,,,Zhangjiagang Plant,CN,AS,MARTIN,,3.4410856,31.81876607,120.5404758,28.248922,113.07606,"Changsha, China"
234,"ZF(CHINA, SHENYANG)",None,,,Zhangjiagang Plant,CN,AS,TINA,,52.234,31.81876607,120.5404758,41.79718,123.41774,"Shenyang, China"
235,ZF(INDIA),None,,,Zhangjiagang Plant,IN,AS,TINA,,1.09016,31.81876607,120.5404758,22.199166,78.476681,India
236,ZF AS出口,None,,,Zhangjiagang Plant,CN,AS,TINA,,0.067164,31.81876607,120.5404758,35.486703,101.901875,China
237,"TKPS(CHINA, CHANGZHOU)",None,,,Zhangjiagang Plant,CN,AS,NICOLE,,129.8447266,31.81876607,120.5404758,31.811464,119.96882,"Changzhou, China"
238,"KETING(CHINA, ZHENGZHOU)",None,,,Zhangjiagang Plant,CN,AS,GREY,,0.017184,31.81876607,120.5404758,34.753853,113.66795,"Zhengzhou, China"
239,"WANBAOJING(CHINA, GUANGZHOU)",None,,,Zhangjiagang Plant,CN,AS,GREY,,0.66582,31.81876607,120.5404758,23.125345,113.27006,"Guangzhou, China"
240,"DITONG(CHINA, BAOJI)",None,,,Zhangjiagang Plant,CN,AS,0,,50.78,31.81876607,120.5404758,34.362984,107.234184,"Baoji, China"
241,"ZHONGLI(CHINA, SHANGHAI)",None,,,Zhangjiagang Plant,CN,AS,ALICE,,27.4864,31.81876607,120.5404758,31.232276,121.469207,"Shanghai, China"
242,"ZHONGLI(CHINA, WUHU)",None,,,Zhangjiagang Plant,CN,AS,ALICE,,3.8071,31.81876607,120.5404758,25.046192,102.70481,"Wuhu, China"
243,"TUOPU(CHINA,NINGBO)",None,,,Zhangjiagang Plant,CN,AS,0,,148.4836127,31.81876607,120.5404758,29.861336,121.62141,"Ningbo, China"
244,"DICASTAL(CHINA,QINHUANGDAO)",None,,,Zhangjiagang Plant,CN,AS,EMILY,,138.0095508,31.81876607,120.5404758,39.940952,119.58924,"Qinhuangdao, China"
245,"ANLUTE(CHINA, SUZHOU)",None,,,Zhangjiagang Plant,CN,AS,TINA,,0,31.81876607,120.5404758,31.301138,120.58027,"Suzhou, China"
246,NEXTEER POLAND,None,,,Zhangjiagang Plant,PL,EU,NICOLE,,357.3637278,31.81876607,120.5404758,52.12461,19.300636,Poland
247,NEXTEER MOROCCO,None,,,Zhangjiagang Plant,MA,EU,NICOLE,,71.00598,31.81876607,120.5404758,32.350751,-6.017073,Morocco
248,NEXTEER BRAZIL,None,,,Zhangjiagang Plant,BR,SA,NICOLE,,3.56532,31.81876607,120.5404758,-22.42072889,315.6585976,Brazil
249,"GEELY（CHINA,LINHAI)",None,,,Zhangjiagang Plant,CN,AS,MARTIN,,0,31.81876607,120.5404758,28.861792,121.14195,"Linhai, China"
250,"GEELY（CHINA,NINGBO）",None,,,Zhangjiagang Plant,CN,AS,MARTIN,,9.6737242,31.81876607,120.5404758,29.861336,121.62141,"Ningbo, China"
251,"GEELY （CHINA,JINZHONG）",None,,,Zhangjiagang Plant,CN,AS,MARTIN,,0.03124481,31.81876607,120.5404758,37.68394,112.73907,"Jinzhong, China"
252,"GEELY （CHINA,JINAN）",None,,,Zhangjiagang Plant,CN,AS,MARTIN,,0.803505,31.81876607,120.5404758,36.664886,117.02009,"Jinan, China"
253,"GEELY （CHINA,CHONGQING）",None,,,Zhangjiagang Plant,CN,AS,MARTIN,,0.18587749,31.81876607,120.5404758,29.56474,106.547877,"Chongqing, China"
254,"GEELY（CHINA,XIAN）",None,,,Zhangjiagang Plant,CN,AS,MARTIN,,16.98645536,31.81876607,120.5404758,34.261143,108.95584,"Xian, China"
255,"GEELY(CHINA,YUYAO）",None,,,Zhangjiagang Plant,CN,AS,MARTIN,,0.2983,31.81876607,120.5404758,30.041372,121.14929,"Yuyao, China"
256,"GEELY(CHINA,BAOJI）",None,,,Zhangjiagang Plant,CN,AS,MARTIN,,7.4652032,31.81876607,120.5404758,34.362984,107.234184,"Baoji, China"
257,"GEELY(CHINA,CHUNXIAO）",None,,,Zhangjiagang Plant,CN,AS,MARTIN,,1.46051,31.81876607,120.5404758,29.967983,121.590935,"Zhenhai, Ningbo, Zhejiang, China"
258,"GEELY(CHIN,ZHNAGJIAKOU）",None,,,Zhangjiagang Plant,CN,AS,MARTIN,,6.52674312,31.81876607,120.5404758,40.818027,114.87906,"Zhnagjiakou, China"
259,"GEELY(CHINA,CHANGXING)",None,,,Zhangjiagang Plant,CN,AS,MARTIN,,10.8895846,31.81876607,120.5404758,24.799776,121.30954,"Changxing, China"
260,"GEELY(CHINA,XIANGTAI）白俄/正常",None,,,Zhangjiagang Plant,CN,AS,MARTIN,,12.21262303,31.81876607,120.5404758,27.782686,112.94643,"Xiangtai, China"
261,"GEELY(CHINA,XIANGTAI）BAOTENG",None,,,Zhangjiagang Plant,CN,AS,MARTIN,,1.43864724,31.81876607,120.5404758,27.782686,112.94643,"Xiangtan, Hunan, China"
262,"GEELY(CHINA,XIANGTAI）",None,,,Zhangjiagang Plant,CN,AS,MARTIN,,19.488,31.81876607,120.5404758,27.782686,112.94643,"Xiangtai, China"
263,"GEELY(CHINA,DAJIANGDONG）",None,,,Zhangjiagang Plant,CN,AS,MARTIN,,0.3687912,31.81876607,120.5404758,30.326452,120.490322,"Qiantang, Hangzhou, China"
264,"GEELY(CHINA,GUIYANG）",None,,,Zhangjiagang Plant,CN,AS,MARTIN,,0.06197741,31.81876607,120.5404758,26.648916,106.62036,"Guiyang, China"
265,"GEELY（CHINA,CHENGDU）",None,,,Zhangjiagang Plant,CN,AS,MARTIN,,5.20853237,31.81876607,120.5404758,30.659126,104.07872,"Chengdu, China"
266,"GEELY（CHINA,HAERBIN）",None,,,Zhangjiagang Plant,CN,AS,MARTIN,,2.247000587,31.81876607,120.5404758,45.759903,126.62842,"Haerbin, China"
267,GEELY（JINGLINGQICHE）,None,,,Zhangjiagang Plant,CN,AS,MARTIN,,0,31.81876607,120.5404758,30.212452,120.2078,"1760 Jiangling Rd, Binjiang District, Hangzhou, Zhejiang, 중국 310051"
268,"GEELY(CHINA,LUQIAO)",None,,,Zhangjiagang Plant,CN,AS,MARTIN,,1.81425,31.81876607,120.5404758,28.58282,121.33262,"Luqiao, China"
269,LINGKE AS,None,,,Zhangjiagang Plant,CN,AS,MARTIN,,0,31.81876607,120.5404758,35.486703,101.901875,China
270,ZEEKR AS,None,,,Zhangjiagang Plant,CN,AS,MARTIN,,0,31.81876607,120.5404758,35.486703,101.901875,China
271,VOLVO AS,None,,,Zhangjiagang Plant,CN,AS,GREY,,0,31.81876607,120.5404758,35.486703,101.901875,China
272,"TXX(china,shanghai)",None,,,Zhangjiagang Plant,CN,AS,EMILY,,627.8041986,31.81876607,120.5404758,31.232276,121.469207,"Shanghai, China"
273,TXX as（china+usa+neth),None,,,Zhangjiagang Plant,CN,AS,EMILY,,32.73992,31.81876607,120.5404758,35.486703,101.901875,China
274,"SGM AS(CHINA,SHANGHAI)",None,,,Zhangjiagang Plant,CN,AS,TINA,,0.45549,31.81876607,120.5404758,31.232276,121.469207,"Shanghai, China"
275,GMNA,None,,,Zhangjiagang Plant,US,NA,TINA,,0,31.81876607,120.5404758,39.381266,262.077789,US
276,GMNA MEXICO,None,,,Zhangjiagang Plant,MX,SA,TINA,,0,31.81876607,120.5404758,23.950464,257.467133,Mexico
277,DICASTAL(MORROCO),None,,,Zhangjiagang Plant,MA,EU,EMILY,,0,31.81876607,120.5404758,32.350751,-6.017073,Morocco
278,TXX(usa)-临时支援,None,,,Zhangjiagang Plant,US,NA,EMILY,,17.3677,31.81876607,120.5404758,39.381266,262.077789,US
279,"BENTELE(CHINA,ChongQing)",None,,,Zhangjiagang Plant,CN,AS,0,,0,31.81876607,120.5404758,29.56474,106.547877,"Chongqing, China"
280,"GEELY(CHINA,JINZHONG)",None,,,Zhangjiagang Plant,CN,AS,0,,0.07713648,31.81876607,120.5404758,37.68394,112.73907,"Jinzhong, China"
281,FUJIWA,None,,,Zhangjiagang Plant,CN,AS,MARTIN,,0,31.81876607,120.5404758,35.486703,101.901875,China
282,"SOMIC(CHINA,SHAOXING)",None,,,Zhangjiagang Plant,CN,AS,MARTIN,,0,31.81876607,120.5404758,30.002562,120.58318,"Shaoxing, China"
283,"DITONG(CHINA,XIANGTAN)",None,,,Zhangjiagang Plant,CN,AS,ALICE,,11.88,31.81876607,120.5404758,27.782686,112.94643,"Xiangtan, China"
284,"SVW(CHINA,SHANGHAI)",None,,,Zhangjiagang Plant,CN,AS,GREY,,0,31.81876607,120.5404758,31.232276,121.469207,"Shanghai, China"
285,GEELY,None,,,Zhangjiagang Plant,CN,AS,MARTIN,,21.70475,31.81876607,120.5404758,35.486703,101.901875,China
286,STEELANTIS,None,,,Zhangjiagang Plant,CN,AS,GREY,,100.8365981,31.81876607,120.5404758,35.486703,101.901875,China
287,"VW(CHINA,ANHUI)",None,,,Zhangjiagang Plant,CN,AS,GREY,,0,31.81876607,120.5404758,31.07295,117.34972,"Anhui, China"
288,SGM,None,,,Zhangjiagang Plant,CN,AS,TINA,,0,31.81876607,120.5404758,35.486703,101.901875,China
289,GAC,None,,,Zhangjiagang Plant,CN,AS,MARTIN,,2.6504,31.81876607,120.5404758,35.486703,101.901875,China
290,GAC NE,None,,,Zhangjiagang Plant,CN,AS,MARTIN,,15.115248,31.81876607,120.5404758,35.486703,101.901875,China
291,GM SPO Davison,203939,,,Monterrey Plant,US,NA,최정길,,0,25.89783181,-100.2355135,43.029,-83.632862,"Road Burton, MI 48509, 4134 Davison"
292,THYSSENKRUPP PRESTA MEXICO,200109,,,Monterrey Plant,MX,SA,최정길,,140.2535901,25.89783181,-100.2355135,19.16209075,-98.3830311,"74160 Huejotzingo, Puebla, Mexico"
293,NAMYANG NEXMO MEXICO,287597,,,Monterrey Plant,MX,SA,최정길,,78.75161892,25.89783181,-100.2355135,25.73888327,-100.1562714,"Mexico 66646 Nuevo León, Cdad. Apodaca, San Javier, A Villa de Juárez, Carretera Apodaca"
294,Robert Bosch Automotive Steering LL,287573,,,Monterrey Plant,US,NA,최정길,,22.24670071,25.89783181,-100.2355135,20.642287,-100.143786,"Galeras, 76288 Colón, Querétaro, Mexico"
295,BOSCH QUERETARO,287580,,,Monterrey Plant,MX,SA,최정길,,22.0381187,25.89783181,-100.2355135,20.63350216,-100.166575,"76278 Colón, Querétaro, Mexico"
296,NEXTEER AUTOMOTIVE C/O PROTRANS-,200021,,,Monterrey Plant,MX,SA,최정길,,282.973671,25.89783181,-100.2355135,20.679173,-100.31413,"RAFAEL SESMA HUERTA #12, PRAQUE IND FINSA, EL MARQUES QRO"
297,NEXTEER AUTOMOTIVE,400032,,,Monterrey Plant,BR,SA,최정길,,9.02089136,25.89783181,-100.2355135,-22.42072889,315.6585976,"Av. Renato Monteiro, 5652 - Tecnopolo, Porto Real - RJ, 27570-000, Brazil"
298,NEXTEER AUTOMOTIVE CORPORATION(미,200048,,,Monterrey Plant,US,NA,최정길,,67.56464481,25.89783181,-100.2355135,43.412161,-83.882792,"3900 HOLLAND ROAD, SAGINAW, MI"
299,THYSSENKRUPP PRESTA HUNGARY,200116,,,Monterrey Plant,HU,EU,최정길,,0,25.89783181,259.7644865,47.58455,379.74552,"Jászfényszaru, Thyssenkrupp utca 1."
300,TXX service newburgh,203946,,,Monterrey Plant,US,NA,최정길,,0,25.89783181,-100.2355135,41.499991,-74.010701,"4 Matrix Drive Newburgh, NY 12550 USA, Part Distribution Center Newburgh"
301,TXX gigafactory texas,287386,,,Monterrey Plant,US,NA,최정길,,73.93264437,25.89783181,-100.2355135,29.963992,-97.786909,"Dr (Kyle 2 - MY) 201 Logistics Dr  Kyle, TX 78640 USA, NA-US-TX-Kyle-201 Logistics"
302,TXX lathrop,287548,,,Monterrey Plant,US,NA,최정길,,0,25.89783181,-100.2355135,37.822738,-121.276858,"Lathrop, CA 95330 USA, NA-US-CA-Lathrop-701 D'Arcy Pkwy"
303,GM FAIRFAX-CTR DIRECT,200030,,,Monterrey Plant,US,NA,최정길,,0,25.89783181,-100.2355135,39.090755,-94.700255,"5300 KANSAS AVE, KANSAS CITY, KANSAS"
304,Robert Bosch Automotive Steering LLC(US),287573,,,Monterrey Plant,US,NA,최정길,,0,25.89783181,-100.2355135,39.01856562,-84.64296103,"15 Spiral Dr, Florence, KY 41042, US"
305,GM ORION-CTR DIRECT,200024,,,Monterrey Plant,US,NA,최정길,,0,25.89783181,-100.2355135,42.718017,-83.260413,"4555, GIDDING RD, LAKE ORION, MI"
